##CADD GRCh38-v1.6 (c) University of Washington, Hudson-Alpha Institute for Biotechnology and Berlin Institute of Health 2013-2020. All rights reserved.
#Chrom	Pos	Ref	Alt	RawScore	PHRED
2	135793297	C	CT	-0.066401	0.974
2	135794790	C	CCAT	0.719016	8.629
2	135798260	A	AAGCTCTCTTCCCTGTGGCTCCTGCCTGTTGC	-0.090209	0.869
2	135798805	GT	G	0.407132	5.506
2	135806013	CA	C	-0.028902	1.165
2	135807119	A	ACTC	-0.040820	1.100
2	135811026	CA	C	-0.299323	0.313
2	135833464	T	TG	0.431522	5.773
